source,username,name,bio,company,location,followers,following,public_repos,profile_url,node_type,relationship_type
GitHub,umbros,Umberto Rosini,Head of ICT Unit @ CDP Venture Capital Sgr,CDP Venture Capital Sgr,Rome,326,0,5,https://github.com/umbros,person,developer
GitHub,RunaCapital,Runa Capital,Global venture capital firm,,Luxembourg,138,0,4,https://github.com/RunaCapital,person,developer
GitHub,iakhilteja,Akhil Teja,Head of AI at Pivot - Web 3.0 Venture Capital and Accelerators,@0xPivot,Dubai,85,12,23,https://github.com/iakhilteja,person,developer
GitHub,mlemos,Manoel Lemos,Venture capital investor during the day. Former entrepreneur and engineer still loving to code and make things at night. ;-),,San Francisco Bay Area,81,3,18,https://github.com/mlemos,person,developer
GitHub,jgosier,Jon Gosier,Data/Marketing Science + Venture Capital. Founder of Audigent,PandemicRT,"Atlanta, GA",56,46,16,https://github.com/jgosier,person,developer
GitHub,librae8226,Librae,"Software Engineer for the last decade,
Venture Capital Investor for the next.
Wechat/Phone: 2D8afF7hP3txUcy8ir912 (Base58)",,Shanghai,51,17,63,https://github.com/librae8226,person,developer
GitHub,vlux,Xuanwu,"Pre: Baiont Capital & Sinovation Ventures. 
HKUST CSE Ph.D.",Gnano,Utopia,50,127,56,https://github.com/vlux,person,developer
GitHub,eOlawale,Co-Founder : foodcentral_ai and Marketplace on Motion,"FoodCentral Marketplace is a serial venture capital and software company supporting global entrepreneurs and unicorns

https://foodnation247.vercel.app
",Marketplace on Motion,"Boston, MA,USA",41,102,30,https://github.com/eOlawale,person,developer
GitHub,hebowei2000,Bowei He,"CS Ph.D. student in CityU, Advanced AutoML,  RL, and recommender system. Tech Venture Capital investor.",City University Of Hong Kong,Hong Kong,36,128,72,https://github.com/hebowei2000,person,developer
GitHub,Obuz,Octav Buzoianu,"Energy transition & climate technology
Venture Capital 
",Launchpad,"London, UK",24,265,9,https://github.com/Obuz,person,developer
GitHub,otaviofff,Otavio Ferreira,"Software engineering professional, startup advisor, and venture capital investor.",Amazon Web Services,"Vancouver, Canada",20,2,6,https://github.com/otaviofff,person,developer
GitHub,laplacian-k,James Park,"Big data analyst & engineer.
I'm interested in venture capital, hedge fund and tech startup industries.
",@seoulai @laplacetec,"Seoul, South of Korea",19,15,3,https://github.com/laplacian-k,person,developer
GitHub,VCpreneur,Ahmad Takatkah,"Data science, venture capital, and crypto!",,"Mountain View, CA",18,36,10,https://github.com/VCpreneur,person,developer
GitHub,Artarda19,Arda,"Community moderator, Capital Ventures investor",Ruesandora0 community,,17,26,9,https://github.com/Artarda19,person,developer
GitHub,diegonmarcos,Diego Nepomuceno Marcos,"Product and Software Engineering student |
Venture Capital and Portfolio Manager Analyst | Civil Engineer B.Sc. | BERlin.de",42@Berlin,Berlin/DE,17,31,13,https://github.com/diegonmarcos,person,developer
GitHub,Neufund,Neufund,Bridging the worlds of blockchain and venture capital,,"Berlin, Germany",15,0,62,https://github.com/Neufund,person,developer
GitHub,jrolf,James A. Rolfsen,"Data Science, Machine Learning, and Venture Capital",Think.dev,"Palo Alto, CA",14,48,41,https://github.com/jrolf,person,developer
GitHub,LGSKOKO,LiGenSheng,A teenager who plans to earn venture capital by becoming a coder.,107,HENAN UNIVERSITY,14,21,11,https://github.com/LGSKOKO,person,developer
GitHub,Angel-builds,Angel  Sarpong Antwi-Mensah,"CS @ GSU, building and learning, ML @Chambers-Capital-Ventures-Inc, @ColorStack-Grambling , RTC, Code2040

",@Chambers-Capital-Ventures-Inc ,"Grambling,LA",14,12,10,https://github.com/Angel-builds,person,developer
GitHub,cmfoil,Cheryl Foil,"Working on a new project.

Previously ran a venture capital firm at Kiddar Capital, CTO of 2 NLP startups, vp engi/lead engineer at others.",,SF Bay Area,12,4,2,https://github.com/cmfoil,person,developer
GitHub,adeel06,AdamAn,"venture capital
trading
AI
JustAGuy = JAG! üó°Ô∏è ",HVME,New York,11,7,41,https://github.com/adeel06,person,developer
GitHub,lisun85,lisun85,"Director | MIT | Artificial Intelligence | Blockchain | Venture Capital |
Chicago | New York | Boston",,"Chicago, IL",10,10,37,https://github.com/lisun85,person,developer
GitHub,dotben,Ben Metcalfe,"VC | unicorn startup founder | father

hacker > software engineer > product manager > marketer > public policy nerd > venture capital investor",Monochrome Capital,"San Francisco, CA",10,1,8,https://github.com/dotben,person,developer
GitHub,headlinevc,Headline,A global venture capital firm that codes,,San Francisco,9,0,16,https://github.com/headlinevc,person,developer
GitHub,goelmayank,Mathuranath Das,"Youth Mentor at HKM Mumbai | HSBC | BITS Pilani
Experienced Software Engineer with a demonstrated history of working in the venture capital and travel industry",Hare Krishna Movement,Mumbai,9,14,148,https://github.com/goelmayank,person,developer
GitHub,heetermaria,Maria Heeter,"Venture capital reporter @ The Information. I focus on late-stage startups, IPOs and crossover funds. Used to cover real estate @ Bloomberg.",,mdheeter@gmail.com,9,20,6,https://github.com/heetermaria,person,developer
GitHub,SauJyu0225,Irene,"Venture Capital-XR, 3D AIGC & Programming.
",AIOT Capital,"Shanghai, China",8,11,6,https://github.com/SauJyu0225,person,developer
GitHub,seanevanlee,Sean Lee,"Full-stack software engineer with extensive backgrounds in FAANG, tech startups, venture capital. ",,"Orange County, CA",8,7,27,https://github.com/seanevanlee,person,developer
GitHub,oluwakemiegbinola,Oluwakemi,"A technology analyst's & biz consultant; over 10 years of corporate, start-up and venture capital experience in Total, Internet of Things, SaaS, Infrastructure",,,8,2,58,https://github.com/oluwakemiegbinola,person,developer
GitHub,Edzandpieces,Edmund Oh,"Australian born, now living in Tokyo. Worked in venture capital and sales in countries like South Korea. Now looking to grow in a Product Manager role.",,"Tokyo, Japan",8,6,15,https://github.com/Edzandpieces,person,developer
GitHub,daimajia,‰ª£Á†ÅÂÆ∂,Coder | Investor | Tech Enthusiast,,"Beijing, China",24923,273,92,https://github.com/daimajia,person,developer
GitHub,holman,Zach Holman,"Angel investor. Director of Technology at @americanoutlaws.
Previously: @github @GitLab.",@americanoutlaws ,San Francisco,6502,83,57,https://github.com/holman,person,developer
GitHub,yurishkuro,Yuri Shkuro,Software engineer; Angel investor & advisor. Creator of Jaeger (@jaegertracing). Author of ‚ÄúMastering Distributed Tracing‚Äù. Co-founder of @open-telemetry.,,New York,1211,3,52,https://github.com/yurishkuro,person,developer
GitHub,todsac,Tod Sacerdoti,"Founder, Pipedream. Also father, investor & lifelong learner.","Pipedream, Inc.","San Francisco, CA",1124,0,17,https://github.com/todsac,person,developer
GitHub,joeyajames,Joe James,"MSCS, MBA, resident of Silicon Valley, investor, biking & trail running enthusiast.",,"Fremont, California",1056,3,15,https://github.com/joeyajames,person,developer
GitHub,adrianco,Adrian Cockcroft,"Technology and strategy advisor, investor, board member. Ex Amazon, Netflix, Battery Ventures, eBay, Sun, CCL",Retired,"Salinas, CA",1042,15,44,https://github.com/adrianco,person,developer
GitHub,cleanunicorn,Daniel Luca,"Investor, Ethereum Developer, Security Auditor, Tech Partner @EdenBlockVC 
",Ethereum,"Bucharest, Romania",541,301,133,https://github.com/cleanunicorn,person,developer
GitHub,femtotrader,FemtoTrader,"Geek (or nerd?), physics/electrical engineering teacher in higher education and amateur trader (trying to become a much more advised investor ;-)",,France,529,488,357,https://github.com/femtotrader,person,developer
GitHub,jdwittenauer,John Wittenauer,"Data scientist, engineer, author, investor, entrepreneur",,United States,501,27,19,https://github.com/jdwittenauer,person,developer
GitHub,biodranik,Alexander Borsuk,"Cofounder at privacy-focused, offline @OrganicMaps, creator of MAPS.ME app, founding investor at prescriptive diagnostics for industrial equipment @VibroBox",@OrganicMaps,"Z√ºrich, Switzerland",493,3,79,https://github.com/biodranik,person,developer
GitHub,ctlllll,Tianle Cai,"ML PhD @Princeton. Life-long learner, hacker, and builder. Tech consultant & angel investor.
Take a look at my recent research @FasterDecoding !",@Princeton,Earth,491,339,31,https://github.com/ctlllll,person,developer
GitHub,AleksandrKorCod,Aleksandr,"Star my repo, I'll star yours. IT, Crypto Enthusiast, Investor",,,478,598,2,https://github.com/AleksandrKorCod,person,developer
GitHub,joeblau,Joe Blau,Founder & Investor,Bloxwap,"San Francisco, CA",473,122,141,https://github.com/joeblau,person,developer
GitHub,johnsonr,Rod Johnson,"Creator, Embabel, Spring Framework. Founder/CEO SpringSource (acquired by VMware). Developer/Author/Investor/Entrepreneur",Embabel,,464,1,32,https://github.com/johnsonr,person,developer
GitHub,ramitsurana,Ramit Surana,"Product Development Lead. BITS Pilani. CKA + Hashicorp Terraform Associate + AWS SA + Google TensorFlow Developer Certified. Angel Investor.
",MinfyTech,India,422,244,314,https://github.com/ramitsurana,person,developer
GitHub,nehanarkhede,Neha Narkhede,"Co-founder Confluent, Co-creator Apache Kafka. Angel investor and Advisor.",@confluentinc,"Palo Alto, California",377,6,10,https://github.com/nehanarkhede,person,developer
GitHub,ivanfioravanti,Ivan Fioravanti,"Technology Advisor, Founder & Board Member @CoreViewInc, Investor, AI addicted, MongoDB, Elastic, Azure, Kubernetes, OpenAI, Microsoft 365",CoreView,Italy,368,100,124,https://github.com/ivanfioravanti,person,developer
GitHub,SkyperTHC,skyper,"Hacker, Inventor, Anarchist, Investor.",,,347,1,27,https://github.com/SkyperTHC,person,developer
GitHub,LiamRandall,Liam Randall,"Entrepreneur, Investor, Developer - Cosmonic/wasmCloud, Stacklet/Cloud Custodian, Kubernetes/Critical Stack, OS Query/Kolide, Bro|Zeek",@cosmonic ,"Washington, DC",334,173,44,https://github.com/LiamRandall,person,developer
GitHub,dcurtis,dustin curtis,Designer. Investor. Nomad. ,dcurtis,,330,21,35,https://github.com/dcurtis,person,developer
GitHub,tschm,Thomas Schmelzer,"Quant, Rhodes scholar, mathematician, coder, cyclist and angel investor living the Arabian dream. Visiting Scholar at Stanford with @stephenpboyd in 2023",Stanford & ex-(Team Q @ ADIA),"Palo Alto & Abu Dhabi, United Arab Emirates",328,149,67,https://github.com/tschm,person,developer
GitHub,abresler,Alex Bresler,"R evangelist, data-hunter, seed investor, Angus MacGyver-ist",ASBC LLC,New York,321,283,215,https://github.com/abresler,person,developer
GitHub,manovotny,Michael Novotny,"Software developer, stock investor/trader, coffee enthusiast. Currently working on docs at Clerk.",@clerk,"Des Moines, IA",319,0,74,https://github.com/manovotny,person,developer
GitHub,pranitbauva1997,Pranit Bauva,Engineer  & Investor,,"Mumbai, India",318,411,29,https://github.com/pranitbauva1997,person,developer
GitHub,dustinwhittle,Dustin Whittle,Internet Adventurer: Traveler. Pilot. Sailor. Diver. Paraglider. Investor. Engineer. Operator.,@dustinwhittle,"San Francisco, California, USA",316,355,1,https://github.com/dustinwhittle,person,developer
GitHub,viezel,Mads M√∏ller Schr√∏der,Product Leader | Tech Nerd | Entrepreneur | Investor,,"Copenhagen, Denmark",305,14,101,https://github.com/viezel,person,developer
GitHub,LFSCamargo,Luiz Fernando Sousa Camargo,"Entrepeneur, Investor and Webmaster",,Florianopolis,301,372,110,https://github.com/LFSCamargo,person,developer
GitHub,ryw,Ry Walker,"Coder | Founder | Investor | OSS
",Tembo,"Cincinnati, Ohio",274,386,10,https://github.com/ryw,person,developer
GitHub,DanielBoya,Daniel Boyarski,investor,,Ukraine,273,308,189,https://github.com/DanielBoya,person,developer
GitHub,pkarw,Piotr Karwatka,"CatchTheTornado co-founder, TypeScript enthusiast, angel investor",@CatchTheTornado,Wroclaw,273,27,2,https://github.com/pkarw,person,developer
GitHub,shradha-khapra,Shradha Khapra,"Co-Founder, Apna College | Ex-SDE Microsoft | Ex-DRDO | Google SPS‚Äô20",,"New Delhi,India",11118,1,15,https://github.com/shradha-khapra,person,developer
GitHub,chriscoyier,Chris Coyier,"I‚Äôm the co-founder of CodePen, a social development environment for web designers and developers. CodePen is a front-end focused IDE in the browser.",@codepen,"Bend, Oregon",10954,290,58,https://github.com/chriscoyier,person,developer
GitHub,mcollina,Matteo Collina,"@platformatic Co-Founder & CTO, TSC member @nodejs, Lead Maintainer @fastify, Conference Speaker, Ph.D.",@platformatic,"Forl√¨, Italy",10738,472,619,https://github.com/mcollina,person,developer
GitHub,aneagoie,Andrei Neagoie,Senior Software Dev turned Instructor. Founder of zerotomastery.io,,"Toronto, Canada",10669,1,147,https://github.com/aneagoie,person,developer
GitHub,campusx-official,CampusX,Data Science Educator | Youtuber | Machine Learning Enthusiast | Founder @CampusX,CampusX,"Gurgaon, India",10647,0,220,https://github.com/campusx-official,person,developer
GitHub,alyssaxuu,Alyssa X,"Designer, developer, & entrepreneur. Founder of Screenity + other ventures. Best woman maker of 2018 (Maker Mag) & nominated as Maker of The Year (Product Hunt)",,"London, UK",9688,1,16,https://github.com/alyssaxuu,person,developer
GitHub,ardalis,Steve Smith,"Software developer, training, architect with over 20 years of experience. Parallel entrepreneur. Founder NimblePros.com. Apparently this has a short char lim...",Ardalis,Ohio,9611,26,300,https://github.com/ardalis,person,developer
GitHub,mohammadhasanii,Mohammad,"Software Engineer & Independent Security Researcher & 
Founder at 
@Raventure-Suite 
@Ourolabs & Contributor @divar-ir @Krypto-Hashers-Community",@Ourolabs,"Tehran , Iran",9261,70902,47,https://github.com/mohammadhasanii,person,developer
GitHub,rwieruch,Robin Wieruch,React & Next.js ‚Ä¢ JavaScript & TypeScript ‚Ä¢ Freelance Full-Stack Web Developer ‚Ä¢ Technical Co-Founder ‚Ä¢ Father of 2 ‚Ä¢ multiple-time GitHub Star,,Berlin/Remote,9056,30,154,https://github.com/rwieruch,person,developer
GitHub,FiloSottile,Filippo Valsorda,"Cryptogopher. @geomys founder. @recursecenter alum.
RC F'13, F2'17.",@Geomys,"Rome, Italy",8918,58,119,https://github.com/FiloSottile,person,developer
GitHub,justmarkham,Kevin Markham,Founder of Data School,Data School,"Asheville, NC, USA",8572,2,40,https://github.com/justmarkham,person,developer
GitHub,kamilmysliwiec,Kamil Mysliwiec,"Creator of @nestjs. Co-Founder of @TrilonIO. @google Developer Expert. Speaker, Trainer and Consultant. OpenSource (OSS) enthusiast.",@nestjs ,Poland,8557,1,44,https://github.com/kamilmysliwiec,person,developer
GitHub,clementmihailescu,Cl√©ment Mihailescu,"Co-Founder & CEO, AlgoExpert | Ex-Google & Ex-Facebook Software Engineer",AlgoExpert,,8541,2,11,https://github.com/clementmihailescu,person,developer
GitHub,dennybritz,Denny Britz,"High-school dropout. Ex Google Brain, Stanford, Berkeley. Into Startups, Deep Learning. Writing at wildml.com  and dennybritz.com",,"Tokyo, Japan",9764,6,61,https://github.com/dennybritz,person,developer
GitHub,Yangqing,Yangqing Jia,"Startup. Former VP @alibaba. Ex-@facebook @google @BVLC. Created Caffe, @caffe2, @onnx. Co-led @pytorch 1.0. @tensorflow contributor. @ucberkeley alumni.
",@leptonai ,Berkeley,7865,20,52,https://github.com/Yangqing,person,developer
GitHub,tangqiaoboy,Tang Qiao,"I was an iOS dev working on a startup company named Yuanfudao. 
Now,it grows up to a big company valued more than 10b$ and I become a manager.",Yuanfudao,"Beijing, China",7196,52,44,https://github.com/tangqiaoboy,person,developer
GitHub,goldbergyoni,Yoni Goldberg,An independent consultant who works with enterprises and garage startups on polishing their FullStack applications and testing,Yoni Goldberg,Israel,4857,11,35,https://github.com/goldbergyoni,person,developer
GitHub,ivaylokenov,Ivaylo Kenov,Ex-CEO @ AMBITIONED | Ex-CTO @ SoftUni |  20x Founder | 1000+ Lectures | C-level in 4 Successful Startups | Efficient Product Development,,"Sofia, Bulgaria",3768,1,64,https://github.com/ivaylokenov,person,developer
GitHub,PhilJay,Philipp Jahoda,Passionate developer. Startup guy. Tech lover.,,Austria,2617,45,31,https://github.com/PhilJay,person,developer
GitHub,ed-donner,Ed Donner,Co-Founder and CTO at AI startup Nebula.io,Nebula.io,New York,2591,0,17,https://github.com/ed-donner,person,developer
GitHub,charlax,Charles-Axel Dein,"Scaling teams, product and tech at a stealth startup",,New York,2465,41,103,https://github.com/charlax,person,developer
GitHub,brikis98,Yevgeniy Brikman,"Co-founder of Gruntwork. Author of ""Fundamentals of DevOps and Software Delivery,"" ""Terraform: Up & Running,"" and ""Hello, Startup.""",@gruntwork-io ,,2440,0,57,https://github.com/brikis98,person,developer
GitHub,philipperemy,Philippe R√©my,"From Paris to Bangkok via London, Tokyo, LA. Ex @ImperialCollegeLondon. Maths, Stats, Machine Learning.   üèÑ üé≤ üé± Co Founder of @skysense, an AI startup.",Imperial College London,Earth,2243,5,127,https://github.com/philipperemy,person,developer
GitHub,coqui-ai,coqui,"Coqui, a startup providing open speech tech for everyone üê∏",,,1928,0,23,https://github.com/coqui-ai,person,developer
GitHub,abi,Abi Raja,startup'ing,,San Francisco,1909,74,89,https://github.com/abi,person,developer
GitHub,Chan9390,Chandrapal Badshah,I prevent startups from having AWS breaches,,,1691,230,178,https://github.com/Chan9390,person,developer
GitHub,yuandong-tian,Yuandong Tian,Co-founder in a stealth startup,Facebook,,1683,4,31,https://github.com/yuandong-tian,person,developer
GitHub,snarktank,Ryan Carson,"CEO, Founder, Dev. Built and sold 3 startups.",,,1541,135,19,https://github.com/snarktank,person,developer
GitHub,joewalnes,Joe Walnes,"Experimental Projects @ Stripe.

Previously: Apple, Google, ThoughtWorks, DRW, Startups.",,San Francisco Bay Area,1370,23,96,https://github.com/joewalnes,person,developer
GitHub,AymaneMehdi,Aymane Mehdi,Full-Stack Developer & AI Developer & SaaS and Startup Builder Powered By AI & Turning Ideas into Scalable Products.,,"Casablanca, Morocco",1280,78,4,https://github.com/AymaneMehdi,person,developer
GitHub,justinfagnani,Justin Fagnani,"I'm working on a stealth mode startup, and open web technologies like web components and Lit.",Stealth Mode Startup‚Ñ¢,"Oakland, CA",1075,2,141,https://github.com/justinfagnani,person,developer
GitHub,AZHenley,Austin Henley,"Associate Teaching Professor at Carnegie Mellon University‚ö°Ô∏èAI and developer tools‚ö°Ô∏èex startup, ex Microsoft",,Pittsburgh,1072,0,44,https://github.com/AZHenley,person,developer
GitHub,peggyrayzis,Peggy Rayzis,Building scale.dev: developer marketing for devtools + AI startups,scale.dev,"New York, NY",1045,4,65,https://github.com/peggyrayzis,person,developer
GitHub,bxcodec,Iman Tumorang,Software Architect | Blogger | Open Source Enthusiast | Startup Enthusiast,@softwarearchitectid,"Tallinn, Estonia",993,64,41,https://github.com/bxcodec,person,developer
GitHub,alexeagle,Alex Eagle,"ex-Google 2008-2020, OSS ‚ù§Ô∏è 

Startup founder @aspect-build: restoring developer productivity in multi-language/large-scale software repos with @bazelbuild",@aspect-build,California,993,46,315,https://github.com/alexeagle,person,developer
GitHub,yjxiong,yjxiong,"Young and simple.

MMLAB@CUHK -> Amazon Rekognition -> Startup",,,952,19,47,https://github.com/yjxiong,person,developer
GitHub,brndnmtthws,Brenden Matthews,"Hacking on Rust, writing books, working on startups, trying to make the world a better place",,Spaceship Earth,939,9,138,https://github.com/brndnmtthws,person,developer
GitHub,ltebean,Leo,"I am now working as a consultant helping startups to build product. If you need any help, feel free to contact me. ",,"Shanghai, China",767,63,118,https://github.com/ltebean,person,developer
GitHub,dandv,Dan Dascalescu,"Consultant @anthropics. Ex @weaviate, @google, @yahoo.  Founded the Quantified Self Forum, Blueseed (the visa-free startup ship project) and 3 web startups.",@anthropic,Geoflexible US Green Card / EU passport,709,30,831,https://github.com/dandv,person,developer
GitHub,ywchiu,David Chiu,"Yu-Wei, Chiu (David Chiu) is the founder of LargitData (www.LargitData.com), a startup company that mainly focuses on providing big",LargitData,"Taipei, Taiwan",696,6,194,https://github.com/ywchiu,person,developer
GitHub,rainx,RainX,Yahoo China - Alibaba Group - Zhikuang(Quantopian-like startup) - RightCapital Inc.,@RightCapitalHQ ,Beijing,684,142,38,https://github.com/rainx,person,developer
GitHub,Devtown-India,DevTown,We at DevTown (A research and education-based startup ) are a team that plans to give students a chance to perform research and make projects in the areas of AI,,India,661,0,101,https://github.com/Devtown-India,person,developer
GitHub,fantix,Fantix King,"I code in Python and Rust. @decentfox: Outsourcing, Consulting, Startup",@vercel,"Toronto, ON",608,63,112,https://github.com/fantix,person,developer
GitHub,jonathancornelissen,Jonathan Cornelissen,Co-founder @ DataCamp and Angel investor,@datacamp ,New York City,252,18,14,https://github.com/jonathancornelissen,person,developer
GitHub,georgiaw,Georgia Weidman,"Georgia Weidman is a serial entrepreneur, penetration tester, security researcher, speaker, trainer, mentor, angel investor, and author.",@Shevirah,,228,0,2,https://github.com/georgiaw,person,developer
GitHub,sylvinus,Sylvain Zimmer,"Hacker, Entrepreneur, Angel Investor, Conference organizer, Public servant",DINUM / ANCT,"Paris / Lyon, France",212,1,82,https://github.com/sylvinus,person,developer
GitHub,arietrouw,Arie Trouw,"Founder of XY,
Developer since TRS-80,
Angel Investor in San Diego Tech and Blockchain","XYLabs, Inc","San Diego, CA",200,9,1,https://github.com/arietrouw,person,developer
GitHub,madlag,Fran√ßois Lagunas,"EdTech Entrepreneur, CTO & Angel Investor.
Sea, Air & Space Lover.
",,"Paris, France",167,8,44,https://github.com/madlag,person,developer
GitHub,jameswatts,James Watts,"Internet Survivor, Startup Enthusiast, Technical Advisor, Angel Investor, Speaker, Author, Open Source Advocate, Founder @kusanagi, Husband and Father",KUSANAGI,United Kingdom,132,3,14,https://github.com/jameswatts,person,developer
GitHub,kouky,Michael Koukoullis,"Dad & Partner. Software Engineer taking a break, ex @square + @cashapp
, ex @Canva. Angel investor @buildkite.",,"Melbourne, Australia",114,32,46,https://github.com/kouky,person,developer
GitHub,carsonkahn-external,Carson Kahn,"ML engineer, angel investor racing to improve 1B lives by 2030 üëæ Goldman Sachs Top 100 Entrepreneur üõ∞ Ex-President, Brainspace AI (acquired by Reveal) üß†",@spindle-app ,San Francisco,102,201,34,https://github.com/carsonkahn-external,person,developer
GitHub,willisgreen,Will Green,Angel Investor / Start-up Mentor / Tech Entrepreneur since 2008,Co.lab,Cape Town / London / Remote,93,782,1,https://github.com/willisgreen,person,developer
GitHub,eugenehp,Eugene Hauptmann,"Eugene is a faith-centric technologist, a serial entrepreneur, angel investor, advisor and mentor.

Founder of Reactive Lions¬Æ",@reactive-lions-inc ,"San Francisco, California",80,7,468,https://github.com/eugenehp,person,developer
GitHub,IKJ1992,Iman Khani Jazani,AI Start-UP Studio Director | Key Lecturer of Future Business School (FBS) | Angel Investor,EmpireLand | Sparky | Future Founders,Lavasan,74,25,33,https://github.com/IKJ1992,person,developer
GitHub,davidhoang,David Hoang,"Software Designer | Angel Investor. Passionate about tools that revolutionize the internet. AI/ML, VPLs, and authoring tools.",,California,74,30,9,https://github.com/davidhoang,person,developer
GitHub,itsharshag,Harsh Agrawal,Founder techkareer.com | ZFellow | Ex Avalara | Angel Investor,@brahmandhq ,India,71,95,20,https://github.com/itsharshag,person,developer
GitHub,sebarmeli,Sebastiano Armeli,"Engineering Leader @Meta | Formerly @Pinterest, @Paypal, @Snap, @Spotify | Mentor @mentorcruise & @plato  | Angel investor",Upwork,"Menlo Park, United States",70,5,13,https://github.com/sebarmeli,person,developer
GitHub,loreto,Daniel Loreto,"Founder @jetify-com ‚Ä¢ Angel Investor ‚Ä¢ Worked at @Airbnb, @Twitter, @Google ‚Ä¢ Studied at @MIT",@jetify-com ,"Bay Area, New York",69,0,3,https://github.com/loreto,person,developer
GitHub,PetrovicGS,PetrovicGS,"Crypto Investor: An experienced angel investor in the crypto industry, this individual possesses a keen eye for promising projects, successfully funding several",,CP,62,89,29,https://github.com/PetrovicGS,person,developer
GitHub,tzhenghao,Zheng Hao Tan,"AI Framework Engineer at Modular. Angel Investor. YC alum. Former founder of @celluloseai, Lexer (YC S22), ex Cruise, DriveAI, Hologram.",@modularml,"San Francisco, CA",60,54,93,https://github.com/tzhenghao,person,developer
GitHub,lotusleafxyz,lotus,"founder, artist, angel investor",Openness,,57,213,4,https://github.com/lotusleafxyz,person,developer
GitHub,canaksoy,Can Aksoy,"Ô£øüë®üèª‚Äçüíª multi-CTO, app & game dev, serial entrepreneur, angel investor",,"Istanbul, Turkey",55,48,23,https://github.com/canaksoy,person,developer
GitHub,edmar,Edmar Ferreira,Angel Investor,Rock Content ,,54,12,9,https://github.com/edmar,person,developer
GitHub,benorama,Benoit Hediard,GenAI Enthusiast | Ex-CTO & Co-Founder @Agorapulse | Angel Investor,,Nantes - FRANCE,51,10,37,https://github.com/benorama,person,developer
GitHub,em-winterschon,Eva Wintersch√∂n,"Principal Architect & Engineer [L7]
Specializing in baremetal hardware and storage for Ai/ML, CDN, HCI, HPC, HA-ZFS. Angel investor and FOSS Sponsor.","RFC1918, Yukon Systems","Sunnyvale, CA",51,51,148,https://github.com/em-winterschon,person,developer
GitHub,RiccardoGrin,Riccardo Grinover,Product at Leonardo AI | Prev. Co-Founder of Standard Retail & Replica Studios | Startup Advisor | Angel Investor | All about AI,,"Brisbane, Australia",50,6,15,https://github.com/RiccardoGrin,person,developer
GitHub,mouredev,Brais Moure,"üìö Te ense√±o programaci√≥n desde cero
üíª Software engineer | Freelance fullstack
‚≠êÔ∏è GitHub Star | Microsoft MVP
‚ù§Ô∏è YouTube, Twitch, Discord & Elgato partner",MoureDev by Brais Moure,Building software with  ‚ô• from Galicia (Spain) to the world.,34050,2,52,https://github.com/mouredev,person,developer
GitHub,antoniolg,Antonio Leiva,AI for Developers @devexpert-io . Google Developer Expert & JetBrains Training Partner,AI Trainer @devexpert-io,Madrid (Spain),5459,10,61,https://github.com/antoniolg,person,developer
GitHub,gakonst,Georgios Konstantopoulos,"cto & general partner at @paradigmxyz. mev, layer 2, proof of stake, zkps. we're hiring engineers internally & for the portfolio: georgios at paradigm dot xyz",@paradigmxyz,"Thessaloniki, Greece",4974,732,237,https://github.com/gakonst,person,developer
GitHub,robbyrussell,Robby Russell,CEO/Partner @planetargon. Old-timer Ruby on Rails developer. Creator of @ohmyzsh. Host of Maintainable Software Podcast,@planetargon ,"Portland, Oregon USA",4968,110,52,https://github.com/robbyrussell,person,developer
GitHub,stephentoub,Stephen Toub,Partner Software Engineer at Microsoft,Microsoft,"Boston, MA",4418,0,98,https://github.com/stephentoub,person,developer
GitHub,gndx,Oscar Barajas Tavares,Learning Engineer at @platzi - Microsoft MVP - #JavaScript #React #Web3 #WithAstro #Twitch Partner - üá≤üáΩ üá®üá¥,Learning Engineer at @platzi ,Colombia,3194,100,160,https://github.com/gndx,person,developer
GitHub,Cyfrin,Cyfrin,"We bring world-class smart contract audits, tools, and education to hundreds of thousands of users, partners, and blockchain protocols.",,United States of America,2907,0,211,https://github.com/Cyfrin,person,developer
GitHub,NickCraver,Nick Craver,Dad and Partner Software Engineer @Microsoft working on Azure. Formerly @StackExchange. I build very fast things to improve life for millions of developers.,Microsoft (@Microsoft),"Winston-Salem, NC",2704,1,105,https://github.com/NickCraver,person,developer
GitHub,hdm,HD Moore,"Founder of runZero, previously at Atredis Partners, Rapid7, Metasploit, and BreakingPoint.",@runZeroInc ,"Austin, TX",1968,12,49,https://github.com/hdm,person,developer
GitHub,raganwald,Reg Braithwaite,"formerly @pagerduty, @github, @unspace, devtopia, kl group/sitraka, codestorm, publishing revenue partners. javascript allong√©, what i learned from failure, &c.",,"Ajax, Ontario, Canada",1856,5,47,https://github.com/raganwald,person,developer
GitHub,brntbeer,Brent Beer,Dir Global Partner Technical Excellence @GitHub. My goal is to help partners and Microsoft  understand GitHub better and deliver better value to GitHub Users.,GitHub,Amsterdam,1719,54,201,https://github.com/brntbeer,person,developer
GitHub,datitran,Dat Tran,"Partner/CTO @ DATANOMIQ | VP of AI/ML at Beams Safety AI ü§ñ | Advisor. Ex-CTO/Co-Founder @Priceloop. Ex-Head of AI @AxelSpringer, Ex-Pivotal.",DATANOMIQ,Berlin,1369,74,67,https://github.com/datitran,person,developer
GitHub,kmagiera,Krzysztof Magiera,SWE & Business Partner at @software-mansion ,@software-mansion ,"Krak√≥w, Poland",1293,17,59,https://github.com/kmagiera,person,developer
GitHub,Haseeb-Qureshi,Haseeb Qureshi,"Managing partner at Dragonfly.
Previously @airbnb, @earndotcom, Metastable.",HaseebQ,"San Francisco, CA",1247,6,67,https://github.com/Haseeb-Qureshi,person,developer
GitHub,milessabin,Miles Sabin,"I do stuff with Scala. Partner at underscoreio, Typelevel cofounder, Scala SIP committee member. Type astronaut, shapeless/scalac/dotty hacker.",Underscore/Typelevel/shapeless/grackle,"Brighton, UK",983,32,88,https://github.com/milessabin,person,developer
GitHub,kiaking,Kia King Ishii,The optimist web designer/developer. @vuejs core team member. VitePress and Vue‚Äôs design system. Partner at @globalbrain.,@globalbrain ,"Kanagawa, Japan",885,99,26,https://github.com/kiaking,person,developer
GitHub,cassidyjames,Cassidy James Blaede,"Community manager @roostorg; GNOME Foundation director; @flathub volunteer.

Previously: partners & community @endlessm; co-founder @elementary; UX @system76.",@roostorg ,"Denver, CO USA",861,562,149,https://github.com/cassidyjames,person,developer
GitHub,meigga-hsu,Maggie,"Partner, Head of GTM at a16z crypto | Co-Founder, Gold House Collective | Advisor, Global Wellness Summit | Milken YLC",ai16z Crypto,New York,827,87,62,https://github.com/meigga-hsu,person,developer
GitHub,rubsxyz,Ruben Teixeira,"Full Stack Software Engineer with a strong focus on web development, currently serving as Co-Founder & COO at Brito Partners Inc.",Brito Partners ,"Barreiro, Portugal",713,662,6,https://github.com/rubsxyz,person,developer
GitHub,DarqueWarrior,Donovan Brown,"Partner Program Manager, Azure CTO Incubations at Microsoft",@Microsoft ,,685,1,85,https://github.com/DarqueWarrior,person,developer
GitHub,jtrecenti,Julio Trecenti,"PhD in statistics. Part time professor at @insper.
Data scientist at @abjur
Partner at @curso-r
Partner at @terranova ",@abjur @terranova @curso-r @insper,"S√£o Paulo, Brazil",662,97,141,https://github.com/jtrecenti,person,developer
GitHub,raggedheart,robbiee,"PFP MADE BY THE BESTETSTTS PARTNER EVER !!? I LOVE YOU @yaoifulness 
___________________________________________
spam acc , main is @batsoda !!!",,,658,1820,0,https://github.com/raggedheart,person,developer
GitHub,oieduardorabelo,Eduardo Rabelo,Partner @duskydots. Building fun things with great people.,DuskyDots,"Auckland, New Zealand",652,1324,163,https://github.com/oieduardorabelo,person,developer
GitHub,joshuadiaz1997,Joshua Diaz," AI developer. 
I am looking for business partner.
Especially, software developer Needed",,California,638,1211,61,https://github.com/joshuadiaz1997,person,developer
GitHub,jasonrudolph,Jason Rudolph,"Funemployed ü§øüßò‚Äç‚ôÇÔ∏èüèùÔ∏è
Previously: Creator of @buildpulse, Staff Engineer at @GitHub, Partner at @Relevance.",,"Durham, NC",634,0,69,https://github.com/jasonrudolph,person,developer
GitHub,pakastin,Juha Lindstedt,"Web architect and partner at iDiD digital signage. Founder and CEO of @FlykLtd. Creator of RE:DOM, Avain.app and Deck.of.Cards.",@connectingtalents ,Finland,622,296,117,https://github.com/pakastin,person,developer
GitHub,darrelmiller,Darrel,"Partner API Architect,
IETF HTTPAPI WG Chair,
OpenAPI Specification Editor,

@darrel_miller@mastodon.social",Microsoft,"Montreal, Canada",574,35,172,https://github.com/darrelmiller,person,developer
GitHub,amgauna,www.anagauna.eti.br," üáßüá∑ CRA-RJ: 03-03161, üë©üèª‚Äçüíª IT Consultant, Software Analyst. I am a Microsoft Partner Cloud, I work in Web Technology. I am analyzing LLM, AI Agentic apps.",@AmgaunaTecnologiaProjetos,"Rio de Janeiro, RJ, Brazil",521,1099,96,https://github.com/amgauna,person,developer
GitHub,danrobinson,Daniel Robinson,General Partner at Paradigm,,"San Francisco, CA",517,4,51,https://github.com/danrobinson,person,developer
